id,Tg,FFV,Tc,Density,Rg
1109053969,137.53622103600006,0.36447903939999987,0.2212049999999999,1.0652470888325007,15.520874998749992
1422188626,133.30043381365024,0.37857921220999996,0.21854999999999994,1.1245380942350003,18.064993299470803
2032016830,112.52523828400001,0.3548290904250002,0.24928974999999998,1.154486493,19.9879385736
